UsedInCrashSignature,FrameIndex,FrameAddress,FrameAdjustedAddress,ModuleBaseAddress,ModuleName
1,26,0x00007FF65BBA12FD,0x00000000021C12FD,0x00007FF6599E0000,D:\SteamLibrary\steamapps\common\Call of Duty HQ\cod.exe
1,25,0x00007FF65BBA2ADC,0x00000000021C2ADC,0x00007FF6599E0000,D:\SteamLibrary\steamapps\common\Call of Duty HQ\cod.exe
1,24,0x00007FF65BBA28BA,0x00000000021C28BA,0x00007FF6599E0000,D:\SteamLibrary\steamapps\common\Call of Duty HQ\cod.exe
1,23,0x00007FF65B7DF348,0x0000000001DFF348,0x00007FF6599E0000,D:\SteamLibrary\steamapps\common\Call of Duty HQ\cod.exe
1,22,0x00007FF65B7DF397,0x0000000001DFF397,0x00007FF6599E0000,D:\SteamLibrary\steamapps\common\Call of Duty HQ\cod.exe
1,21,0x00007FF65B7DF397,0x0000000001DFF397,0x00007FF6599E0000,D:\SteamLibrary\steamapps\common\Call of Duty HQ\cod.exe
1,20,0x00007FF65B7DF397,0x0000000001DFF397,0x00007FF6599E0000,D:\SteamLibrary\steamapps\common\Call of Duty HQ\cod.exe
1,19,0x00007FF65B7DF397,0x0000000001DFF397,0x00007FF6599E0000,D:\SteamLibrary\steamapps\common\Call of Duty HQ\cod.exe
0,18,0x00007FF65B814D02,0x0000000001E34D02,0x00007FF6599E0000,D:\SteamLibrary\steamapps\common\Call of Duty HQ\cod.exe
0,17,0x00007FF65B814E9C,0x0000000001E34E9C,0x00007FF6599E0000,D:\SteamLibrary\steamapps\common\Call of Duty HQ\cod.exe
0,16,0x00007FF65B814D4D,0x0000000001E34D4D,0x00007FF6599E0000,D:\SteamLibrary\steamapps\common\Call of Duty HQ\cod.exe
0,15,0x00007FF65E3F2D42,0x0000000004A12D42,0x00007FF6599E0000,D:\SteamLibrary\steamapps\common\Call of Duty HQ\cod.exe
0,14,0x00007FF65E412E68,0x0000000004A32E68,0x00007FF6599E0000,D:\SteamLibrary\steamapps\common\Call of Duty HQ\cod.exe
0,13,0x00007FF65D9F610F,0x000000000401610F,0x00007FF6599E0000,D:\SteamLibrary\steamapps\common\Call of Duty HQ\cod.exe
0,12,0x00007FF65FCBFB84,0x00000000062DFB84,0x00007FF6599E0000,D:\SteamLibrary\steamapps\common\Call of Duty HQ\cod.exe
0,11,0x00007FF66098928A,0x0000000006FA928A,0x00007FF6599E0000,D:\SteamLibrary\steamapps\common\Call of Duty HQ\cod.exe
0,10,0x00007FF65DE8B09E,0x00000000044AB09E,0x00007FF6599E0000,D:\SteamLibrary\steamapps\common\Call of Duty HQ\cod.exe
0,9,0x00007FF65DEA679D,0x00000000044C679D,0x00007FF6599E0000,D:\SteamLibrary\steamapps\common\Call of Duty HQ\cod.exe
0,8,0x00007FF65DC2D8C1,0x000000000424D8C1,0x00007FF6599E0000,D:\SteamLibrary\steamapps\common\Call of Duty HQ\cod.exe
0,7,0x00007FF65DC2D805,0x000000000424D805,0x00007FF6599E0000,D:\SteamLibrary\steamapps\common\Call of Duty HQ\cod.exe
0,6,0x00007FF65C84F569,0x0000000002E6F569,0x00007FF6599E0000,D:\SteamLibrary\steamapps\common\Call of Duty HQ\cod.exe
0,5,0x00007FF65C8365B0,0x0000000002E565B0,0x00007FF6599E0000,D:\SteamLibrary\steamapps\common\Call of Duty HQ\cod.exe
0,4,0x00007FF65D461016,0x0000000003A81016,0x00007FF6599E0000,D:\SteamLibrary\steamapps\common\Call of Duty HQ\cod.exe
0,3,0x00007FF661ABD9A2,0x00000000080DD9A2,0x00007FF6599E0000,D:\SteamLibrary\steamapps\common\Call of Duty HQ\cod.exe
0,2,0x00007FFFB9887034,0x0000000000017034,0x00007FFFB9870000,C:\Windows\System32\KERNEL32.DLL
0,1,0x00007FFFBA2826A1,0x00000000000526A1,0x00007FFFBA230000,C:\Windows\SYSTEM32\ntdll.dll
#,,,,,Number of frames captured: 26
#,,,,,Crash signature generated - based on 8 frames : 3ECC585E-91907246-48350FA1-2BE5F41F
