{"project":"iw9","platform":"pc","toolname":"vanilla","changelist":13064550,"kvp_buffer_size":32768,"kvp_buffer_used":2496,"kvp_buffer_used_percent":7,"builder":"CT-VM-05502","build_exe_datetime":"Oct 26 2022 15:33:36","build_number":"13064550 2022-10-27 02:07:33","client_manager_mode":1,"clients_viewpos":"(-5902 -3759 76) : 90 16","compiler_toolchain_version":"v142","connection_state":0,"controller_for_client":"0","crashed_module_file":"cod.exe","crashed_module_hash":"0x409c46aa4f6642f8","crashed_module_version":"1.0.0.0","crash_report_throttle_engine_override":"0.0200 ( 2.00 % )","crash_signature":"B7B9EB5D-8A62A570-EBD429D5-9DE261E2","crash_time":"2022-10-28 19:41:57(127ms) UTC","data_context_project":"#x466358787725a92f9","data_context_gamemode":"#x4727c7cfdb308ab77","data_version":13075915,"db_last_ff_pause":"mp_farm_18","db_last_ff_pause_op":"Unpause","db_last_patch_file_0":"techsets_mp_farm_18.fp","db_last_patch_file_1":"<none>","db_zone_last_fastfile":"techsets_mp_farm_18","db_zone_last_fastfile_load_type":"Preloading","delta_version":39,"dlog_executable_run_sent":true,"dlog_session_start_sent":true,"dw_title_id":7000,"dxr_enabled":false,"engine_runtime":"[2400, 2460[","error_type":"lua","exception_address":"0x00007FF75F315B41","exception_code":"0xc0000005","exception_code_from_map_address":"0x00000001423f5b41","exception_type":"EXCEPTION_ACCESS_VIOLATION","executable_name":"game_steam_ship.exe","ffotd_version":255,"fileio_open_id0":"cache_31_2.xpak","fov_ADS":"affected","fov_firstPerson":80,"fov_thirdPerson":80,"fov_vehicle":"Default","fov_weapon":"Default","gamemode":"mp","hw_cpu_amd_physics_multi_threading_enabled":true,"hw_cpu_cores_logical":16,"hw_cpu_cores_physical":8,"hw_cpu_name":"11th Gen Intel(R) Core(TM) i7-11700K @ 3.60GHz","hw_cpu_vendor":"GenuineIntel","hw_gpu_core_max_factory_clock_mhz":1980,"hw_gpu_core_max_measured_clock_mhz":1958,"hw_gpu_memory_max_factory_clock_mhz":7001,"hw_gpu_memory_max_measured_clock_mhz":7001,"hw_gpu_overclocked":false,"hw_gpu_overclock_parameters_modified":false,"hw_gpu_dedicated_system_memory":0,"hw_gpu_dedicated_video_memory":8422162432,"hw_gpu_description":"NVIDIA GeForce RTX 3070","hw_gpu_device_id":9352,"hw_gpu_driver_version":"526.47","hw_gpu_revision_id":161,"hw_gpu_shared_system_memory":17103562752,"hw_gpu_vendor_id":4318,"hw_gpu_vram_mb":8032,"hw_ram_mb":0,"in_frontend":true,"language":"en","language_code":"eng","language_desired_code":"eng","last_com_error":"#x45a08cb6dbd090c0#\n\n(#x45a08cb6dbd090c0)#","last_com_error_time":2337065,"live_bnet_country_code":"FI","live_igr":false,"live_igr_paid":false,"local_client_count":1,"local_server_running":true,"lui_init":"vm:000001AE8B95B980,fe:0,gt:3,ali:0,ms:0,il:1,ci:0,xp:0,xps:0,sl:0,cp:0,fo:0","map":"mp_frontend","map_name":"cp_hydro","own_base_game":true,"party_size":1,"pc_firstparty":"steam","playlists_version":10,"protocol_version":96741375,"pso_preload_state":147,"pso_preload_reason":5,"pso_preload_game_mode":"#x4225098eac88f7b49","pso_preload_current_build_flags":3,"pso_preload_remaining_0":0,"pso_preload_remaining_1":17,"pso_preload_remaining_2":0,"pso_preload_remaining_3":0,"pso_preload_remaining_4":0,"pso_preload_remaining_5":0,"pso_preload_remaining_6":0,"pso_preload_remaining_7":0,"pso_preload_remaining_8":3,"pso_preload_built_flags_0":-1,"pso_preload_built_flags_1":3,"pso_preload_built_flags_2":-1,"pso_preload_built_flags_3":-1,"pso_preload_built_flags_4":-1,"pso_preload_built_flags_5":-1,"pso_preload_built_flags_6":-1,"pso_preload_built_flags_7":-1,"pso_preload_built_flags_8":0,"public_address":"0AECC691-4E72B7C9-6C553C08-F00C46C2","region_code":"ww","taskgraph_options_0":"0x003f1bcc","taskgraph_options_1":"0x03d3003f","taskgraph_options_2":"0x28ecdfe6","taskgraph_options_3":"0xb8a9effe","taskgraph_options_4":"0x196e031c","taskgraph_options_5":"0x01d98805","taskgraph_options_6":"0x0a001040","taskgraph_options_7":"0x2002a900","taskgraph_options_8":"0x00000000","taskgraph_options_9":"0x00000000","taskgraph_options_10":"0x00000000","taskgraph_options_11":"0x00000000","tdr_ddi_delay":10,"tdr_debug_mode":2,"tdr_delay":20,"tdr_level":3,"tdr_limit_count":5,"tdr_limit_time":60,"tdr_test_mode":4294967295,"telescope_content":"blank","time_since_last_focus_change":"[30, 40[","time_since_last_reconfig":"[2220, 2280[","ui_root":9,"vidmem_available_mb":1397,"vidmem_budget_mb":6174,"vidmem_deficit_mb":0,"vidmem_expected_dedicated_mb":4356,"vidmem_expected_reserved_mb":0,"vidmem_expected_system_mb":346,"vidmem_system_available_mb":14785,"vidmem_system_budget_mb":15543,"vidmem_system_deficit_mb":0,"vidmem_system_used_high_watermark_mb":768,"vidmem_system_used_mb":757,"vidmem_used_high_watermark_mb":6111,"vidmem_used_mb":4776,"visual_studio_version":"Visual Studio 19.29.30145.00","win_error_report_status":"0x00000000","window_state":"Borderless","xfile_version":7894,"extch_perfinfo_commit_limit_mb":37486,"extch_perfinfo_commit_peak_mb":23518,"extch_perfinfo_commit_total_mb":21829,"extch_perfinfo_physical_available_mb":19019,"extch_perfinfo_physical_total_mb":32622,"extch_perfinfo_system_cache_mb":16414,"extch_perfinfo_kernel_paged_mb":506,"extch_perfinfo_kernel_nonpaged_mb":462,"extch_perfinfo_kernel_total_mb":968,"extch_perfinfo_page_size":4096,"extch_perfinfo_handle_count":126662,"extch_perfinfo_process_count":254,"extch_perfinfo_thread_count":4584,"extch_procmem_page_fault_count":17494009,"extch_procmem_working_set_size_mb":5416,"extch_procmem_paged_pool_usage_mb":1,"extch_procmem_non_paged_pool_usage_mb":0,"extch_procmem_page_file_usage_mb":10052,"extch_procmem_peak_working_set_size_mb":6059,"extch_procmem_peak_paged_pool_usage_mb":1,"extch_procmem_peak_non_paged_pool_usage_mb":1,"extch_procmem_peak_page_file_usage_mb":11829,"extch_hw_baseboard_manufacturer":"ASUSTeK COMPUTER INC.","extch_hw_baseboard_product":"ROG STRIX Z590-F GAMING WIFI","extch_hw_baseboard_version":"Rev 1.xx","extch_hw_bios_version":"0232","extch_hw_bios_release_date":"01/06/2021","extch_hw_cpu_microcode_version":"00 00 00 00 1B 00 00 00","extch_hw_cpu_bios_microcode_version":"00 00 00 00 1B 00 00 00","extch_hw_cpu_family_and_model":"Intel64 Family 6 Model 167 Stepping 1","extch_hw_cpu_platform_specific_field_1":2,"extch_hw_cpu_feature_set":890978303,"extch_hw_cpu_frequency":3600,"extch_os_windows_info_version":"2009","extch_os_windows_info_build":"19044","extch_os_windows_info_family":"Windows 10 Home","extch_os_windows_info":"Windows 10 Home, Version 2009, ( OS Build 19044 )"}