UsedInCrashSignature,FrameIndex,FrameAddress,FrameAdjustedAddress,ModuleBaseAddress,ModuleName
1,24,0x00007FF75F315B41,0x00000000023F5B41,0x00007FF75CF20000,D:\SteamLibrary\steamapps\common\Call of Duty HQ\cod.exe
1,23,0x00007FF75F249931,0x0000000002329931,0x00007FF75CF20000,D:\SteamLibrary\steamapps\common\Call of Duty HQ\cod.exe
1,22,0x00007FF75D3003E6,0x00000000003E03E6,0x00007FF75CF20000,D:\SteamLibrary\steamapps\common\Call of Duty HQ\cod.exe
1,21,0x00007FF76234D2EA,0x000000000542D2EA,0x00007FF75CF20000,D:\SteamLibrary\steamapps\common\Call of Duty HQ\cod.exe
1,20,0x00007FF761A67FE9,0x0000000004B47FE9,0x00007FF75CF20000,D:\SteamLibrary\steamapps\common\Call of Duty HQ\cod.exe
1,19,0x00007FF75ED23F4A,0x0000000001E03F4A,0x00007FF75CF20000,D:\SteamLibrary\steamapps\common\Call of Duty HQ\cod.exe
1,18,0x00007FF75ED24043,0x0000000001E04043,0x00007FF75CF20000,D:\SteamLibrary\steamapps\common\Call of Duty HQ\cod.exe
1,17,0x00007FF75ED54EE8,0x0000000001E34EE8,0x00007FF75CF20000,D:\SteamLibrary\steamapps\common\Call of Duty HQ\cod.exe
0,16,0x00007FF75ED54D4D,0x0000000001E34D4D,0x00007FF75CF20000,D:\SteamLibrary\steamapps\common\Call of Duty HQ\cod.exe
0,15,0x00007FF761932D42,0x0000000004A12D42,0x00007FF75CF20000,D:\SteamLibrary\steamapps\common\Call of Duty HQ\cod.exe
0,14,0x00007FF761952E68,0x0000000004A32E68,0x00007FF75CF20000,D:\SteamLibrary\steamapps\common\Call of Duty HQ\cod.exe
0,13,0x00007FF760F3610F,0x000000000401610F,0x00007FF75CF20000,D:\SteamLibrary\steamapps\common\Call of Duty HQ\cod.exe
0,12,0x00007FF7631FFB84,0x00000000062DFB84,0x00007FF75CF20000,D:\SteamLibrary\steamapps\common\Call of Duty HQ\cod.exe
0,11,0x00007FF763EC928A,0x0000000006FA928A,0x00007FF75CF20000,D:\SteamLibrary\steamapps\common\Call of Duty HQ\cod.exe
0,10,0x00007FF7613CB09E,0x00000000044AB09E,0x00007FF75CF20000,D:\SteamLibrary\steamapps\common\Call of Duty HQ\cod.exe
0,9,0x00007FF7613E679D,0x00000000044C679D,0x00007FF75CF20000,D:\SteamLibrary\steamapps\common\Call of Duty HQ\cod.exe
0,8,0x00007FF76116D8C1,0x000000000424D8C1,0x00007FF75CF20000,D:\SteamLibrary\steamapps\common\Call of Duty HQ\cod.exe
0,7,0x00007FF76116D805,0x000000000424D805,0x00007FF75CF20000,D:\SteamLibrary\steamapps\common\Call of Duty HQ\cod.exe
0,6,0x00007FF75FD8F569,0x0000000002E6F569,0x00007FF75CF20000,D:\SteamLibrary\steamapps\common\Call of Duty HQ\cod.exe
0,5,0x00007FF75FD765B0,0x0000000002E565B0,0x00007FF75CF20000,D:\SteamLibrary\steamapps\common\Call of Duty HQ\cod.exe
0,4,0x00007FF7609A1016,0x0000000003A81016,0x00007FF75CF20000,D:\SteamLibrary\steamapps\common\Call of Duty HQ\cod.exe
0,3,0x00007FF764FFD9A2,0x00000000080DD9A2,0x00007FF75CF20000,D:\SteamLibrary\steamapps\common\Call of Duty HQ\cod.exe
0,2,0x00007FFFB9887034,0x0000000000017034,0x00007FFFB9870000,C:\Windows\System32\KERNEL32.DLL
0,1,0x00007FFFBA2826A1,0x00000000000526A1,0x00007FFFBA230000,C:\Windows\SYSTEM32\ntdll.dll
#,,,,,Number of frames captured: 24
#,,,,,Crash signature generated - based on 8 frames : B7B9EB5D-8A62A570-EBD429D5-9DE261E2
